n_uavs,n_resources,directional_relative_advantage_db,failure_aggregate_fraction,failure_dominant_fraction
5,1,0.0,0.0,0.77
10,1,0.0,0.3281666666666667,0.6718333333333334
20,1,0.0,0.5430753968253967,0.4569246031746032
30,1,0.0,0.6064029304029304,0.3935970695970697
50,1,0.0,0.6744210144927534,0.3255789855072463
75,1,0.0,0.6907258687258687,0.3092741312741313
100,1,0.0,0.7242619047619047,0.2757380952380952
5,8,6.0,0.0,0.0
10,8,6.0,0.0,0.0
20,8,6.0,0.0,0.0
30,8,6.0,0.0,0.09
50,8,6.0,0.2753571428571428,0.6646428571428572
75,8,6.0,0.6917999451528862,0.3082000548471136
100,8,6.0,0.8295564688076708,0.1704435311923291
